{"A1": [[13, 16.363636363636363], [11, 13.636363636363637], [10, 23.80952380952381], [12, 11.7], [9, 14.49047619047619]], "A2": [[9, 33.128571428571426], [2, 21.871428571428574]], "A3": [[2, 21.82857142857143], [3, 13.17142857142857]], "A4": [[3, 42.82857142857143], [7, 29.17142857142857]], "A5": [[7, 68]], "A6": [[7, 35.57857142857142], [5, 19.421428571428578]], "B1": [[13, 17.142857142857142], [11, 14.285714285714286], [10, 25.0], [12, 3.5714285714285765]], "B10": [[6, 25]], "B11": [[6, 60]], "B12": [[6, 45]], "B13": [[6, 28.8132530693823], [8, 6.186746930617701]], "B14": [[8, 20]], "B2": [[12, 8.744360902255634], [9, 37.255639097744364]], "B3": [[9, 12.744360902255636], [2, 27.255639097744364]], "B4": [[2, 18.744360902255636], [3, 9.255639097744364]], "B5": [[3, 25]], "B6": [[3, 24.691729323308266], [7, 61.308270676691734]], "B7": [[7, 55]], "B8": [[7, 23.428571428571427], [5, 4.595207956600356], [6, 15.976220614828218]], "B9": [[6, 50]], "C1": [[13, 15]], "C2": [[13, 3.0], [11, 10.0]], "C3": [[11, 5.0], [10, 10.0]], "C4": [[10, 16.31578947368421], [12, 1.6842105263157912]], "C5": [[12, 11.315789473684209], [9, 15.684210526315791]], "C6": [[9, 20]], "D1": [[35, 15]], "D2": [[35, 10]], "D3": [[35, 5.0], [36, 9.0]], "D4": [[36, 6]], "D5": [[36, 10]], "D6": [[37, 12]], "D7": [[36, 22]], "D8": [[36, 3.0], [37, 12.0], [35, 5.0]], "E1": [[38, 0.6]], "E10": [[41, 0.6]], "E11": [[41, 0.6]], "E12": [[41, 0.6]], "E13": [[41, 0.6]], "E14": [[41, 0.6]], "E15": [[41, 0.6]], "E16": [[41, 0.6]], "E2": [[38, 0.6]], "E3": [[38, 0.6]], "E4": [[40, 0.6]], "E5": [[40, 0.6]], "E6": [[40, 0.6]], "E7": [[38, 0.6]], "E8": [[38, 0.6]], "E9": [[38, 0.6]], "F1": [[32, 0.6]], "F2": [[34, 0.6]], "F3": [[33, 0.6]], "F4": [[23, 0.6]]}