{"A1": [[13, 16.363636363636363], [11, 13.636363636363637], [10, 23.80952380952381], [12, 11.7], [9, 14.49047619047619]], "A2": [[9, 33.128571428571426], [2, 21.871428571428574]], "A3": [[2, 21.82857142857143], [3, 13.17142857142857]], "A4": [[3, 42.82857142857143], [7, 29.17142857142857]], "A5": [[7, 68]], "A6": [[7, 35.57857142857142], [5, 19.421428571428578]], "B1": [[2, 60]], "B10": [[2, 25]], "B11": [[13, 60]], "B12": [[2, 45]], "B13": [[2, 35]], "B14": [[2, 20]], "B2": [[13, 46]], "B3": [[13, 40]], "B4": [[13, 28]], "B5": [[13, 25]], "B6": [[2, 86]], "B7": [[2, 55]], "B8": [[2, 44]], "B9": [[2, 50]], "C1": [[2, 15]], "C2": [[2, 13]], "C3": [[13, 15]], "C4": [[2, 18]], "C5": [[2, 27]], "C6": [[13, 20]], "D1": [[17, 4.24], [19, 2.16], [18, 8.6]], "D2": [[18, 4.84], [17, 5.16]], "D3": [[17, 14]], "D4": [[17, 6]], "D5": [[35, 10]], "D6": [[35, 12]], "D7": [[17, 22]], "D8": [[17, 20]], "E1": [[38, 0.6]], "E10": [[40, 0.6]], "E11": [[40, 0.6]], "E12": [[17, 0.6]], "E13": [[17, 0.6]], "E14": [[17, 0.6]], "E15": [[17, 0.6]], "E16": [[17, 0.6]], "E2": [[17, 0.6]], "E3": [[17, 0.6]], "E4": [[17, 0.6]], "E5": [[17, 0.6]], "E6": [[17, 0.6]], "E7": [[38, 0.6]], "E8": [[38, 0.6]], "E9": [[40, 0.6]], "F1": [[19, 0.6]], "F2": [[29, 0.6]], "F3": [[32, 0.6]], "F4": [[32, 0.6]]}