{"A1": [[2, 41.2958763966403], [12, 11.550303738797798], [3, 27.1538198645619]], "A2": [[13, 15.075968252275826], [11, 12.89426098115374], [10, 25.767751403492685], [9, 1.2620193630777443]], "A3": [[9, 35]], "A4": [[9, 12.608027264246736], [5, 20.508163004829267], [8, 38.883809730924]], "A5": [[3, 29.093775012537403], [8, 38.90622498746259]], "A6": [[2, 41.2958763966403], [4, 13.704123603359697]], "B1": [[2, 46.55857240771796], [3, 13.44142759228204]], "B10": [[7, 25]], "B11": [[7, 60]], "B12": [[7, 33.38368028571898], [11, 10.771531835622842]], "B13": [[14, 35]], "B14": [[8, 20]], "B2": [[13, 15.411708213164578], [11, 10.771531835622842], [10, 19.81675995121258]], "B3": [[10, 5.477335259907241], [3, 34.52266474009276]], "B4": [[9, 28]], "B5": [[9, 22.681666308845738], [5, 2.318333691154262]], "B6": [[8, 86]], "B7": [[3, 16.681292401903747], [5, 20.45599500279639], [12, 15.505072364062334], [7, 2.3576402312375304]], "B8": [[4, 44]], "B9": [[7, 50]], "C1": [[13, 15]], "C2": [[13, 2.526234916042824], [11, 10.473765083957176]], "C3": [[11, 2.8565641001782267], [10, 12.143435899821773]], "C4": [[10, 13.538378271618146], [9, 4.461621728381854]], "C5": [[9, 27]], "C6": [[9, 19.221911189290715]], "D1": [[35, 15]], "D2": [[35, 10]], "D3": [[35, 4.912176017214588], [36, 9.087823982785412]], "D4": [[36, 6]], "D5": [[36, 10]], "D6": [[36, 1.0657009687563601], [37, 10.93429903124364]], "D7": [[37, 2.768782899577149], [36, 19.23121710042285]], "D8": [[36, 6.922307851118925], [35, 13.077692148881075]], "E1": [[38, 0.6]], "E10": [[40, 0.6]], "E11": [[40, 0.6]], "E12": [[40, 0.20101511528677585], [41, 0.39898488471322413]], "E13": [[41, 0.6]], "E14": [[17, 0.6]], "E15": [[17, 0.6]], "E16": [[17, 0.6]], "E2": [[38, 0.6]], "E3": [[38, 0.6]], "E4": [[38, 0.18377490878340524], [40, 0.41622509121659473]], "E5": [[40, 0.6]], "E6": [[40, 0.38479002407018104], [38, 0.21520997592981894]], "E7": [[38, 0.6]], "E8": [[38, 0.6]], "E9": [[38, 0.5685649328535862]], "F1": [[32, 0.6]], "F2": [[18, 0.6]], "F3": [[34, 0.5423377574308349]], "F4": [[33, 0.6]]}