{"A1": {"11": 13.170185491263172, "10": 21.086595399845535, "3": 33.414907254368416, "6": 12.328311854522877}, "A2": {"13": 7.92522053479494, "4": 7.92522053479494, "10": 11.79580938390819, "5": 19.57477946520506, "11": 6.585092745631586, "6": 1.1938773356652845}, "A3": {"6": 5.704190616091808, "5": 15.812648686519509, "7": 11.79580938390819, "4": 1.6873513134804892}, "A4": {"6": 29.995618354767068, "3": 3.6307439664915275, "12": 12.008763290465861, "1": 26.36487438827554}, "A5": {"13": 15.85044106958988, "2": 34.0, "9": 18.149558930410123}, "A6": {"9": 1.9585278118240892, "2": 24.693146280305644, "11": 6.585092745631586, "6": 18.956379442544325, "4": 2.806853719694356}, "B1": {"10": 13.894933189690938, "2": 2.4863007083965267, "12": 10.817335685077024, "4": 22.10503144906496, "6": 10.696398967770548}, "B10": {"7": 12.5, "3": 12.5}, "B11": {"8": 35.45489157465808, "1": 24.54510842534192}, "B12": {"7": 22.5, "3": 15.583039019553299, "4": 6.916960980446701}, "B13": {"12": 5.408667842538512, "4": 17.5, "8": 12.091332157461487}, "B14": {"7": 4.629968638381554, "4": 10.0, "8": 5.370031361618446}, "B2": {"13": 17.888974239710247, "7": 13.704110871134697, "4": 13.704110871134697}, "B3": {"9": 20.0, "3": 20.0}, "B4": {"7": 14.0, "4": 14.0}, "B5": {"9": 12.5, "2": 12.5}, "B6": {"9": 19.211376968395108, "2": 15.537442841825893, "3": 3.6739341265692147, "8": 23.788623031604892, "1": 23.788623031604892}, "B7": {"8": 13.214009532596416, "5": 13.214009532596416, "6": 14.285990467403584, "1": 14.285990467403584}, "B8": {"6": 22.0, "1": 22.0}, "B9": {"8": 25.0, "1": 25.0}, "C1": {"9": 7.5, "3": 7.5}, "C2": {"9": 6.5, "3": 6.5}, "C3": {"9": 7.5, "3": 7.5}, "C4": {"9": 2.775824375677791, "3": 2.775824375677791, "11": 12.448351248644418}, "C5": {"11": 4.052957334677749, "12": 12.371698442472344, "6": 5.287672111424953, "4": 5.287672111424953}, "C6": {"8": 10.0, "4": 10.0}, "D1": {"35": 15}, "D2": {"35": 10}, "D3": {"35": 6.483214844437005, "36": 7.516785155562995}, "D4": {"36": 6}, "D5": {"25": 0.9865812293978691, "18": 5.000000000000001, "21": 1.8104045794815309, "30": 0.756100841739504, "28": 1.4469133493810964}, "D6": {"28": 5.206607909321204, "18": 5.206607909321204}, "D7": {"36": 11.823786974017475, "37": 10.176213025982525}, "D8": {"37": 2.4615228676015044, "36": 17.538477132398494}, "E1": {"29": 0.3, "17": 0.3}, "E10": {"40": 0.6}, "E11": {"40": 0.1548706722216435, "41": 0.44512932777835645}, "E12": {"41": 0.6}, "E13": {"41": 0.6}, "E14": {"41": 0.6}, "E15": {"41": 0.6}, "E16": {"41": 0.6}, "E2": {"38": 0.6}, "E3": {"38": 0.6}, "E4": {"38": 0.6}, "E5": {"38": 0.6}, "E6": {"38": 0.6}, "E7": {"38": 0.6}, "E8": {"40": 0.6}, "E9": {"40": 0.6}, "F1": {"32": 0.3371786806183329, "22": 0.13141065969083354, "19": 0.13141065969083354}, "F2": {"22": 0.3, "19": 0.3}, "F3": {"26": 0.3, "19": 0.3}, "F4": {"26": 0.22059539882557683, "19": 0.22924671872667923, "18": 0.07075328127332077, "25": 0.07940460117442315}}