{"A1": {"13": 31.15408102060783, "2": 32.21147974484804, "7": 16.634439234544125}, "A2": {"9": 25.369310985564212, "3": 26.100489772804433, "7": 2.130689014435786, "2": 1.3995102271955637}, "A3": {"11": 18.745541137467868, "2": 11.251486287510712, "10": 5.002972575021423}, "A4": {"10": 18.724816960145994, "2": 18.724816960145994, "11": 6.248513712489289, "5": 17.275183039854006, "7": 11.026669327364718}, "A5": {"10": 11.863894767583709, "3": 34.0, "7": 6.4769926438986785, "8": 15.659112588517612}, "A6": {"8": 12.234588697905636, "3": 12.234588697905636, "7": 8.184376976563502, "5": 8.184376976563502, "10": 14.162068651061723}, "B1": {"13": 8.127075019226313, "3": 20.630123315782512, "9": 12.5030482965562, "11": 7.388670781203709, "5": 9.36987668421749, "7": 1.9812059030137803}, "B10": {"6": 12.5, "4": 12.5}, "B11": {"6": 26.56702792218497, "4": 23.60624026235581, "7": 9.826731815459217}, "B12": {"6": 22.5, "1": 22.5}, "B13": {"6": 17.5, "1": 17.5}, "B14": {"6": 10.0, "1": 10.0}, "B2": {"9": 23.0, "2": 23.0}, "B3": {"10": 10.045811933601334, "6": 14.977094033199332, "5": 14.455309506562918, "4": 0.5217845266364147}, "B4": {"9": 8.425706630286959, "2": 8.425706630286959, "12": 11.148586739426083}, "B5": {"6": 12.5, "4": 12.5}, "B6": {"6": 43.0, "4": 43.0}, "B7": {"12": 1.1813050126945628, "7": 26.909347493652717, "4": 26.909347493652717}, "B8": {"7": 22.0, "5": 5.085432822345428, "4": 16.914567177654572}, "B9": {"6": 25.0, "4": 25.0}, "C1": {"12": 12.349804364442816, "7": 1.325097817778592, "1": 1.325097817778592}, "C2": {"7": 6.5, "1": 6.5}, "C3": {"7": 7.5, "1": 7.5}, "C4": {"7": 9.0, "1": 9.0}, "C5": {"9": 13.5, "3": 13.5}, "C6": {"9": 8.830445469760614, "3": 8.830445469760614, "7": 1.1695545302393864, "1": 1.1695545302393864}, "D1": {"35": 15}, "D2": {"35": 10}, "D3": {"35": 6.453050826851432, "36": 7.546949173148568}, "D4": {"36": 6}, "D5": {"36": 10}, "D6": {"37": 12}, "D7": {"21": 6.919365492764413, "18": 11.000000000000002, "28": 4.080634507235588}, "D8": {"28": 0.6608897922954068, "18": 7.453378128727935, "31": 0.7342690479750479, "20": 6.05821928845748}, "E1": {"38": 0.6}, "E10": {"41": 0.6}, "E11": {"41": 0.6}, "E12": {"41": 0.6}, "E13": {"41": 0.6}, "E14": {"41": 0.6}, "E15": {"41": 0.6}, "E16": {"41": 0.6}, "E2": {"38": 0.6}, "E3": {"38": 0.6}, "E4": {"38": 0.6}, "E5": {"38": 0.6}, "E6": {"38": 0.6}, "E7": {"40": 0.6}, "E8": {"40": 0.6}, "E9": {"40": 0.6}, "F1": {"32": 0.3173127619069354, "22": 0.14134361904653228, "18": 0.14134361904653228}, "F2": {"22": 0.3, "18": 0.3}, "F3": {"33": 0.6}, "F4": {"21": 0.19663022870123353, "18": 0.3, "25": 0.10336977129876646}}