{"A1": [[2, 43.7], [3, 36.3]], "A2": [[13, 16.363636363636363], [11, 13.636363636363637], [10, 23.80952380952381], [12, 1.1904761904761934]], "A3": [[12, 10.509523809523806], [9, 24.490476190476194]], "A4": [[9, 23.128571428571426], [5, 23.795180722891565], [6, 25.076247848537008]], "A5": [[3, 19.700000000000003], [6, 48.3]], "A6": [[6, 55]], "B1": [[7, 60]], "B10": [[8, 25]], "B11": [[4, 56.121212121212125], [14, 3.8787878787878753]], "B12": [[8, 2.2881601594347125], [14, 31.121212121212125], [15, 11.590627719353165]], "B13": [[1, 35]], "B14": [[1, 20]], "B2": [[7, 46]], "B3": [[7, 33.73684210526316], [8, 6.2631578947368425]], "B4": [[8, 28]], "B5": [[8, 25]], "B6": [[6, 86]], "B7": [[6, 3.6565812120662917], [8, 51.34341878793371]], "B8": [[4, 44]], "B9": [[8, 50]], "C1": [[1, 15]], "C2": [[1, 13]], "C3": [[15, 8.851970821733511], [1, 6.148029178266489]], "C4": [[1, 18]], "C5": [[1, 27]], "C6": [[1, 20]], "D1": [[35, 15]], "D2": [[35, 10]], "D3": [[35, 5.0], [36, 9.0]], "D4": [[36, 6]], "D5": [[36, 10]], "D6": [], "D7": [], "D8": [], "E1": [[38, 0.6]], "E10": [[41, 0.6]], "E11": [[41, 0.6]], "E12": [[17, 0.6]], "E13": [[17, 0.6]], "E14": [[17, 0.6]], "E15": [[17, 0.6]], "E16": [[17, 0.6]], "E2": [[38, 0.6]], "E3": [[38, 0.6]], "E4": [[40, 0.6]], "E5": [[40, 0.6]], "E6": [[40, 0.6]], "E7": [[41, 0.6]], "E8": [[41, 0.6]], "E9": [[41, 0.6]], "F1": [[34, 0.3], [33, 0.3]], "F2": [[30, 0.6]], "F3": [[23, 0.3], [31, 0.3]], "F4": [[31, 0.36666666666666664], [20, 0.23333333333333334]]}