{"A1": [[13, 16.363636363636363], [11, 13.636363636363637], [10, 23.80952380952381], [12, 11.7], [9, 14.49047619047619]], "A2": [[9, 33.128571428571426], [2, 21.871428571428574]], "A3": [[2, 21.82857142857143], [3, 13.17142857142857]], "A4": [[3, 42.82857142857143], [7, 29.17142857142857]], "A5": [[7, 68]], "A6": [[7, 35.57857142857142], [5, 19.421428571428578]], "B1": [[13, 60]], "B10": [[13, 25]], "B11": [[13, 60]], "B12": [[13, 45]], "B13": [[13, 35]], "B14": [[13, 20]], "B2": [[13, 46]], "B3": [[13, 40]], "B4": [[13, 28]], "B5": [[13, 25]], "B6": [[13, 86]], "B7": [[13, 55]], "B8": [[13, 44]], "B9": [[13, 50]], "C1": [[13, 15]], "C2": [[13, 13]], "C3": [[13, 15]], "C4": [[11, 18]], "C5": [[13, 27]], "C6": [[13, 20]], "D1": [[35, 15]], "D2": [[35, 10]], "D3": [[35, 5.0], [36, 9.0]], "D4": [[36, 6]], "D5": [[36, 10]], "D6": [[37, 12]], "D7": [[36, 22]], "D8": [[36, 20]], "E1": [[38, 0.6]], "E10": [[38, 0.6]], "E11": [[38, 0.6]], "E12": [[38, 0.6]], "E13": [[38, 0.6]], "E14": [[38, 0.6]], "E15": [[38, 0.6]], "E16": [[38, 0.6]], "E2": [[38, 0.6]], "E3": [[38, 0.6]], "E4": [[40, 0.6]], "E5": [[40, 0.6]], "E6": [[40, 0.6]], "E7": [[38, 0.6]], "E8": [[38, 0.6]], "E9": [[38, 0.6]], "F1": [[32, 0.6]], "F2": [[29, 0.6]], "F3": [[32, 0.6]], "F4": [[32, 0.6]]}