{"A1": [[2, 41.32611752193008], [7, 38.67388247806992]], "A2": [[13, 15.452671266484801], [11, 12.49453079511923], [10, 23.409189342513926], [12, 3.6436085958820428]], "A3": [[9, 35]], "A4": [[9, 9.137977015824037], [12, 8.339395939708211], [5, 21.513199460607016], [8, 33.00942758386074]], "A5": [[3, 57.71017361766033], [4, 10.289826382339669]], "A6": [[8, 55]], "B1": [[2, 44.79642972536559], [3, 15.203570274634409]], "B10": [[7, 25]], "B11": [[5, 19.39263095017173], [4, 40.60736904982827]], "B12": [[7, 35.0611647206268], [11, 2.5464698126775387], [4, 7.392365466695662]], "B13": [[4, 35]], "B14": [[6, 20]], "B2": [[3, 38.80010019439113], [5, 7.199899805608872]], "B3": [[13, 16.212498142293345], [11, 13.089004655597105], [10, 10.69849720210955]], "B4": [[10, 13.162153187741932], [12, 13.509794399841857], [9, 1.328052412416211]], "B5": [[9, 25]], "B6": [[9, 9.341884497854387], [8, 76.65811550214562]], "B7": [[8, 13.100157073338114], [6, 41.89984292666189]], "B8": [[14, 33.457465157080435], [11, 10.542534842919565]], "B9": [[7, 50]], "C1": [[11, 13.101302455214373], [9, 1.8986975447856267]], "C2": [[9, 13]], "C3": [[2, 15]], "C4": [[13, 16.82260582837534], [9, 1.177394171624659]], "C5": [[10, 27]], "C6": [[2, 20]], "D1": [[35, 15]], "D2": [[35, 10]], "D3": [[35, 6.649606750420738], [36, 7.350393249579262]], "D4": [[36, 6]], "D5": [[18, 1.6705507655278713], [17, 8.32944923447213]], "D6": [[36, 12]], "D7": [[37, 13.27105462489685], [36, 8.72894537510315]], "D8": [[36, 18.167258727312504], [35, 1.832741272687496]], "E1": [[17, 0.6]], "E10": [[17, 0.6]], "E11": [[17, 0.6]], "E12": [[40, 0.4084647186377658], [38, 0.1915352813622342]], "E13": [[38, 0.6]], "E14": [[38, 0.6]], "E15": [[38, 0.4056838314008551], [41, 0.19431616859914486]], "E16": [[41, 0.6]], "E2": [[38, 0.6]], "E3": [[38, 0.6]], "E4": [[38, 0.5972191127630894]], "E5": [[40, 0.6]], "E6": [[40, 0.6]], "E7": [[17, 0.6]], "E8": [[17, 0.6]], "E9": [[17, 0.6]], "F1": [[32, 0.6]], "F2": [[34, 0.5706177351635504]], "F3": [[18, 0.6]], "F4": [[18, 0.6]]}