{"A1": [[2, 43.7], [3, 36.3]], "A2": [[13, 16.363636363636363], [11, 13.636363636363637], [10, 23.80952380952381], [12, 1.1904761904761934]], "A3": [[12, 10.509523809523806], [9, 24.490476190476194]], "A4": [[9, 23.128571428571426], [5, 23.795180722891565], [6, 25.076247848537008]], "A5": [[3, 19.700000000000003], [4, 48.3]], "A6": [[6, 55]], "B1": [[7, 60]], "B10": [[14, 25]], "B11": [[15, 20.0], [1, 40.0]], "B12": [[8, 45]], "B13": [[8, 35]], "B14": [[8, 20]], "B2": [[4, 46]], "B3": [[4, 2.893939393939394], [1, 37.10606060606061]], "B4": [[1, 28]], "B5": [[1, 25]], "B6": [[7, 79.73684210526316], [8, 6.263157894736835]], "B7": [[6, 55]], "B8": [[6, 44]], "B9": [[6, 41.49868647522418], [14, 8.501313524775817]], "C1": [[8, 15]], "C2": [[8, 13]], "C3": [[1, 15]], "C4": [[8, 18]], "C5": [[8, 27]], "C6": [[8, 13.166666666666666], [14, 1.5775647107623005]], "D1": [[35, 15]], "D2": [[35, 10]], "D3": [[35, 5.0], [36, 9.0]], "D4": [[36, 6]], "D5": [[36, 10]], "D6": [], "D7": [[37, 12.0]], "D8": [[16, 20]], "E1": [[17, 0.6]], "E10": [[17, 0.6]], "E11": [[17, 0.6]], "E12": [[40, 0.6]], "E13": [[41, 0.6]], "E14": [[41, 0.6]], "E15": [[41, 0.6]], "E16": [[41, 0.6]], "E2": [[38, 0.6]], "E3": [[38, 0.6]], "E4": [[38, 0.6]], "E5": [[40, 0.6]], "E6": [[40, 0.6]], "E7": [[17, 0.6]], "E8": [[17, 0.6]], "E9": [[17, 0.6]], "F1": [[34, 0.3], [33, 0.3]], "F2": [[30, 0.6]], "F3": [[23, 0.3], [31, 0.3]], "F4": [[31, 0.36666666666666664]]}