{"A1": [[2, 43.7], [3, 36.3]], "A2": [[13, 16.363636363636363], [11, 13.636363636363637], [10, 23.80952380952381], [12, 1.1904761904761934]], "A3": [[12, 10.509523809523806], [9, 24.490476190476194]], "A4": [[9, 23.128571428571426], [5, 23.795180722891565], [6, 25.076247848537008]], "A5": [[3, 19.700000000000003], [6, 48.3]], "A6": [[6, 55]], "B1": [[7, 60]], "B10": [[1, 25]], "B11": [[14, 35.0], [15, 20.0], [1, 5.0]], "B12": [[6, 30.39342331732945], [8, 14.60657668267055]], "B13": [[1, 29.121212121212125]], "B14": [], "B2": [[7, 46]], "B3": [[7, 33.73684210526316], [6, 6.2631578947368425]], "B4": [[6, 28]], "B5": [[6, 25]], "B6": [[4, 86]], "B7": [[4, 14.121212121212121], [1, 40.878787878787875]], "B8": [[8, 44]], "B9": [[1, 50]], "C1": [], "C2": [], "C3": [], "C4": [[8, 18]], "C5": [[8, 27]], "C6": [[8, 20]], "D1": [[35, 15]], "D2": [[18, 10]], "D3": [[35, 14]], "D4": [[36, 6]], "D5": [[36, 10]], "D6": [], "D7": [], "D8": [], "E1": [[38, 0.6]], "E10": [[40, 0.6]], "E11": [[40, 0.6]], "E12": [[41, 0.6]], "E13": [[41, 0.6]], "E14": [[41, 0.6]], "E15": [[41, 0.6]], "E16": [[41, 0.6]], "E2": [[17, 0.6]], "E3": [[17, 0.6]], "E4": [[17, 0.6]], "E5": [[17, 0.6]], "E6": [[17, 0.6]], "E7": [[38, 0.6]], "E8": [[38, 0.6]], "E9": [[40, 0.6]], "F1": [[34, 0.3], [33, 0.3]], "F2": [[30, 0.6]], "F3": [[23, 0.3], [31, 0.3]], "F4": [[31, 0.36666666666666664], [20, 0.23333333333333334]]}