{"A1": [[2, 43.7], [3, 36.3]], "A2": [[13, 16.363636363636363], [11, 13.636363636363637], [10, 23.80952380952381], [12, 1.1904761904761934]], "A3": [[12, 10.509523809523806], [9, 24.490476190476194]], "A4": [[9, 23.128571428571426], [5, 23.795180722891565], [6, 25.076247848537008]], "A5": [[3, 19.700000000000003], [6, 48.3]], "A6": [[6, 55]], "B1": [[13, 60]], "B10": [[13, 25]], "B11": [[11, 60]], "B12": [[13, 45]], "B13": [[13, 35]], "B14": [[13, 20]], "B2": [[11, 46]], "B3": [[11, 40]], "B4": [[11, 28]], "B5": [[11, 25]], "B6": [[13, 86]], "B7": [[13, 55]], "B8": [[13, 44]], "B9": [[13, 50]], "C1": [[13, 15]], "C2": [[13, 13]], "C3": [[11, 15]], "C4": [[13, 18]], "C5": [[13, 27]], "C6": [[11, 20]], "D1": [[35, 15]], "D2": [[35, 10]], "D3": [[35, 5.0], [36, 9.0]], "D4": [[36, 6]], "D5": [[36, 10]], "D6": [[37, 12]], "D7": [[36, 22]], "D8": [[36, 20]], "E1": [[38, 0.6]], "E10": [[38, 0.6]], "E11": [[38, 0.6]], "E12": [[38, 0.6]], "E13": [[38, 0.6]], "E14": [[38, 0.6]], "E15": [[38, 0.6]], "E16": [[38, 0.6]], "E2": [[38, 0.6]], "E3": [[38, 0.6]], "E4": [[40, 0.6]], "E5": [[40, 0.6]], "E6": [[40, 0.6]], "E7": [[38, 0.6]], "E8": [[38, 0.6]], "E9": [[38, 0.6]], "F1": [[32, 0.6]], "F2": [[19, 0.6]], "F3": [[32, 0.6]], "F4": [[32, 0.6]]}