{"A1": [[13, 16.363636363636363], [11, 13.636363636363637], [10, 23.80952380952381], [12, 11.7], [9, 14.49047619047619]], "A2": [[9, 33.128571428571426], [2, 21.871428571428574]], "A3": [[2, 21.82857142857143], [3, 13.17142857142857]], "A4": [[3, 42.82857142857143], [7, 29.17142857142857]], "A5": [[7, 68]], "A6": [[7, 35.57857142857142], [5, 19.421428571428578]], "B1": [[11, 60]], "B10": [[11, 25]], "B11": [[2, 60]], "B12": [[11, 45]], "B13": [[11, 35]], "B14": [[11, 20]], "B2": [[2, 46]], "B3": [[2, 40]], "B4": [[2, 28]], "B5": [[2, 25]], "B6": [[11, 86]], "B7": [[11, 55]], "B8": [[11, 44]], "B9": [[11, 50]], "C1": [[11, 15]], "C2": [[11, 13]], "C3": [[2, 15]], "C4": [[11, 18]], "C5": [[11, 27]], "C6": [[2, 20]], "D1": [[35, 15]], "D2": [[35, 10]], "D3": [[35, 5.0], [36, 9.0]], "D4": [[36, 6]], "D5": [[17, 6.4], [19, 2.16], [18, 1.4399999999999995]], "D6": [[18, 12]], "D7": [[36, 10.0], [37, 12.0]], "D8": [[36, 20]], "E1": [[17, 0.6]], "E10": [[17, 0.6]], "E11": [[17, 0.6]], "E12": [[40, 0.6]], "E13": [[38, 0.6]], "E14": [[38, 0.6]], "E15": [[38, 0.6]], "E16": [[38, 0.6]], "E2": [[38, 0.6]], "E3": [[38, 0.6]], "E4": [[38, 0.6]], "E5": [[40, 0.6]], "E6": [[40, 0.6]], "E7": [[17, 0.6]], "E8": [[17, 0.6]], "E9": [[17, 0.6]], "F1": [[32, 0.6]], "F2": [[32, 0.6]], "F3": [[19, 0.6]], "F4": [[19, 0.6]]}