{"A1": [[13, 16.498959964025364], [11, 12.228823461585048], [9, 50.493472176596654]], "A2": [[2, 39.15025366691861], [12, 11.031544176057942], [3, 4.81820215702345]], "A3": [[10, 26.88447891708877], [3, 8.11552108291123]], "A4": [[3, 42.80866476909647], [7, 29.191335230903533]], "A5": [[7, 68]], "A6": [[7, 55]], "B1": [[11, 10.954838751803626], [13, 15.799656387532679], [10, 25.865219078401456], [9, 7.380285782262238]], "B10": [[5, 10.293200841060603], [8, 14.706799158939397]], "B11": [[4, 60]], "B12": [[4, 45]], "B13": [[4, 8.622285257781602], [2, 26.377714742218398]], "B14": [[14, 20]], "B2": [[9, 41.92426632249449], [2, 4.075733677505511]], "B3": [[2, 40]], "B4": [[2, 9.38067770391712], [7, 18.619322296082878]], "B5": [[7, 25]], "B6": [[7, 86]], "B7": [[11, 10.954838751803626], [8, 44.04516124819637]], "B8": [[7, 39.9810377558728], [3, 4.018962244127202]], "B9": [[3, 20.95004327582121], [12, 15.51901342015037], [5, 13.53094330402842]], "C1": [[11, 13.073813245611671], [9, 1.926186754388329]], "C2": [[9, 13]], "C3": [[3, 15]], "C4": [[13, 15.988037879592472], [3, 2.011962120407528]], "C5": [[10, 27]], "C6": [[3, 20]], "D1": [[35, 15]], "D2": [[35, 10]], "D3": [[35, 6.252933321281794], [36, 7.747066678718206]], "D4": [[36, 6]], "D5": [[36, 10]], "D6": [[36, 3.5203815999941583], [37, 8.479618400005842]], "D7": [[37, 6.057681256042531], [36, 15.942318743957468]], "D8": [[36, 11.325129534754893], [35, 8.674870465245107]], "E1": [[17, 0.6]], "E10": [[17, 0.6]], "E11": [[17, 0.6]], "E12": [[40, 0.6]], "E13": [[40, 0.20740471348455744], [38, 0.3925952865154425]], "E14": [[38, 0.6]], "E15": [[38, 0.6]], "E16": [[38, 0.6]], "E2": [[38, 0.6]], "E3": [[38, 0.6]], "E4": [[38, 0.6]], "E5": [[38, 0.512244368275903]], "E6": [[40, 0.6]], "E7": [[17, 0.6]], "E8": [[17, 0.6]], "E9": [[17, 0.6]], "F1": [[32, 0.6]], "F2": [[33, 0.5682437523500362]], "F3": [[19, 0.6]], "F4": [[19, 0.6]]}