{"A1": {"6": 40.0, "2": 40.0}, "A2": {"13": 16.324406919660213, "3": 21.568444027859343, "11": 15.732111324597387, "8": 0.6875188639415288, "2": 0.6875188639415288}, "A3": {"10": 18.455675289716655, "8": 3.5574534192456766, "2": 3.5574534192456766, "12": 9.42941787179199}, "A4": {"12": 1.0607953104729078, "8": 35.469602344763544, "1": 35.469602344763544}, "A5": {"10": 9.227837644858328, "3": 20.75761697334415, "6": 24.772162355141674, "4": 13.242383026655855}, "A6": {"7": 26.284988150482633, "2": 26.284988150482633, "3": 2.4300236990347344}, "B1": {"9": 30.0, "3": 30.0}, "B10": {"12": 1.2759278227897863, "10": 11.45823671177632, "1": 11.45823671177632}, "B11": {"7": 29.158490264529085, "4": 15.582980874315943, "5": 13.575509390213142, "6": 1.6830194709418294}, "B12": {"6": 22.5, "1": 22.5}, "B13": {"6": 17.5, "1": 17.5}, "B14": {"6": 10.0, "1": 10.0}, "B2": {"9": 16.397525753260602, "3": 2.531373210254309, "2": 13.866152543006296, "10": 13.204948493478792}, "B3": {"10": 9.711524930073848, "8": 15.144237534963075, "4": 15.144237534963075}, "B4": {"9": 14.0, "4": 14.0}, "B5": {"8": 12.5, "4": 12.5}, "B6": {"11": 14.784719964048428, "3": 7.392359982024214, "4": 35.60764001797578, "7": 28.21528003595157}, "B7": {"9": 10.30180344916706, "4": 27.5, "8": 17.19819655083294}, "B8": {"8": 22.0, "4": 19.456723947623324, "5": 2.543276052376676}, "B9": {"6": 13.721375040533598, "5": 13.721375040533598, "12": 12.001630345025651, "3": 10.555619573907151}, "C1": {"13": 7.5, "3": 7.5}, "C2": {"13": 6.5, "3": 1.6919589907587593, "5": 4.808041009241241}, "C3": {"13": 4.383917981517518, "5": 4.383917981517518, "6": 3.116082018482482, "3": 3.116082018482482}, "C4": {"6": 9.0, "3": 9.0}, "C5": {"9": 13.5, "2": 13.5}, "C6": {"9": 10.0, "2": 8.044245789402162, "3": 1.9557542105978385}, "D1": {"35": 15}, "D2": {"35": 10}, "D3": {"35": 5.9232509854471305, "36": 8.07674901455287}, "D4": {"36": 6}, "D5": {"36": 10}, "D6": {"37": 11.86853789210088}, "D7": {"36": 22}, "D8": {"36": 2.1758103958204127, "37": 11.86853789210088, "35": 5.955651712078707}, "E1": {"38": 0.6}, "E10": {"40": 0.1765044715948551, "39": 0.42349552840514487}, "E11": {"39": 0.6}, "E12": {"39": 0.6}, "E13": {"39": 0.4710393195904583, "41": 0.12896068040954167}, "E14": {"41": 0.6}, "E15": {"41": 0.6}, "E16": {"41": 0.6}, "E2": {"38": 0.6}, "E3": {"38": 0.6}, "E4": {"38": 0.6}, "E5": {"38": 0.6}, "E6": {"38": 0.29902898188488714, "40": 0.30097101811511284}, "E7": {"40": 0.6}, "E8": {"40": 0.6}, "E9": {"40": 0.6}, "F1": {"32": 0.2969906942321647, "22": 0.15150465288391765, "19": 0.15150465288391765}, "F2": {"22": 0.2644545501595025, "19": 0.21016745397403677, "18": 0.05428709618546568}, "F3": {"34": 0.5203654095474594}, "F4": {"26": 0.3, "18": 0.3}}