{"A1": [[13, 14.520540819795306], [11, 12.992479391181925], [9, 52.486979789022776]], "A2": [[2, 33.56499733732968], [12, 9.925189841811118], [10, 11.509812820859203]], "A3": [[10, 14.957826850222041], [3, 20.04217314977796]], "A4": [[3, 24.7851653078552], [7, 47.214834692144805]], "A5": [[5, 19.13637920551758], [2, 33.56499733732968], [4, 15.298623457152736]], "A6": [[4, 55]], "B1": [[11, 11.822591950727524], [9, 47.96255439437914]], "B10": [[8, 25]], "B11": [[8, 60]], "B12": [[8, 45]], "B13": [[8, 17.42077257181359], [12, 15.286133399979434], [5, 2.2930940282069763]], "B14": [[5, 20]], "B2": [[7, 46]], "B3": [[10, 25.4964863794274], [13, 14.503513620572601]], "B4": [[13, 4.801004965963556], [7, 23.198995034036443]], "B5": [[7, 25]], "B6": [[7, 77.5108127512744], [2, 8.4891872487256]], "B7": [[2, 39.74260795916772], [3, 15.25739204083228]], "B8": [[3, 44]], "B9": [[3, 15.006295398062884], [8, 34.99370460193712]], "C1": [[13, 15]], "C2": [[13, 2.245648741564209], [11, 10.754351258435792]], "C3": [[9, 15]], "C4": [[11, 2.127079069424725], [9, 15.872920930575276]], "C5": [[9, 26.221666899300995]], "C6": [[3, 20]], "D1": [[36, 15]], "D2": [[36, 10]], "D3": [[36, 2.111958768854817], [35, 11.888041231145182]], "D4": [[35, 6]], "D5": [[18, 3.5621672619957194], [17, 6.43783273800428]], "D6": [[35, 12]], "D7": [[35, 8.469882657374004], [37, 13.530117342625996]], "D8": [[36, 20]], "E1": [[38, 0.6]], "E10": [[38, 0.3663522260474965], [40, 0.23364777395250347]], "E11": [[40, 0.6]], "E12": [[40, 0.6]], "E13": [[41, 0.6]], "E14": [[17, 0.6]], "E15": [[17, 0.6]], "E16": [[17, 0.6]], "E2": [[38, 0.6]], "E3": [[38, 0.6]], "E4": [[38, 0.3663522260474965], [40, 0.23364777395250347]], "E5": [[40, 0.6]], "E6": [[40, 0.6]], "E7": [[38, 0.6]], "E8": [[38, 0.6]], "E9": [[38, 0.6]], "F1": [[17, 0.5023264335110532]], "F2": [[33, 0.5602453734207445]], "F3": [[34, 0.4837300092320785], [17, 0.1162699907679215]], "F4": [[17, 0.6]]}