{"A1": [[2, 37.80520855998073], [12, 10.42955574325425], [10, 26.112048093842816], [3, 3.0770937347928546], [5, 2.5760938681293544]], "A2": [[13, 14.954150549927693], [11, 12.512742733192761], [9, 27.53310671687955]], "A3": [[9, 29.010122997728683], [5, 5.989877002271317]], "A4": [[5, 11.963466350330432], [8, 60.036533649669565]], "A5": [[8, 68]], "A6": [[8, 55]], "B1": [[2, 48.34708307403723], [7, 11.65291692596277]], "B10": [[7, 25]], "B11": [[7, 28.871183352098875], [14, 23.24810898457229], [9, 7.880707663328835]], "B12": [[9, 40.561201176187694], [6, 4.438798823812306]], "B13": [[6, 35]], "B14": [[4, 20]], "B2": [[11, 10.820316201455217], [13, 16.70563508706472], [10, 18.474048711480066]], "B3": [[9, 40]], "B4": [[9, 8.441908839516525], [10, 9.909068195199861], [3, 9.649022965283613]], "B5": [[3, 25]], "B6": [[3, 36.58211206271815], [5, 23.607780249242218], [4, 25.81010768803963]], "B7": [[7, 55]], "B8": [[8, 3.1914947359027264], [12, 16.08422252754174], [11, 10.820316201455217], [14, 13.903966535100313]], "B9": [[7, 50]], "C1": [[3, 15]], "C2": [[3, 13]], "C3": [[11, 11.616668029752537], [13, 3.383331970247463]], "C4": [[10, 18]], "C5": [[3, 27]], "C6": [[13, 12.961855545051892], [10, 7.0381444549481085]], "D1": [[35, 15]], "D2": [[35, 10]], "D3": [[35, 9.048461314697851], [36, 4.951538685302149]], "D4": [[36, 6]], "D5": [[36, 10]], "D6": [[17, 12]], "D7": [[36, 6.948255493130733], [37, 15.051744506869266]], "D8": [[36, 20]], "E1": [[38, 0.6]], "E10": [[40, 0.6]], "E11": [[40, 0.6]], "E12": [[17, 0.6]], "E13": [[17, 0.6]], "E14": [[38, 0.6]], "E15": [[38, 0.6]], "E16": [[38, 0.6]], "E2": [[17, 0.6]], "E3": [[17, 0.6]], "E4": [[17, 0.6]], "E5": [[17, 0.6]], "E6": [[17, 0.6]], "E7": [[38, 0.6]], "E8": [[38, 0.6]], "E9": [[38, 0.49294556142054385], [40, 0.10705443857945612]], "F1": [[19, 0.6]], "F2": [[17, 0.5774386028712056]], "F3": [[33, 0.5365081899946778]], "F4": [[34, 0.5062374042767959]]}