{"A1": [[13, 16.363636363636363], [11, 13.636363636363637], [10, 23.80952380952381], [12, 11.7], [9, 14.49047619047619]], "A2": [[9, 33.128571428571426], [2, 21.871428571428574]], "A3": [[2, 21.82857142857143], [3, 13.17142857142857]], "A4": [[3, 42.82857142857143], [7, 29.17142857142857]], "A5": [[7, 68]], "A6": [[7, 35.57857142857142], [5, 19.421428571428578]], "B1": [[5, 4.595207956600356], [6, 55.404792043399645]], "B10": [[1, 25]], "B11": [[6, 30.384681640810882], [8, 29.615318359189118]], "B12": [[1, 34.121212121212125]], "B13": [[14, 35]], "B14": [[15, 20]], "B2": [[6, 46]], "B3": [[6, 40]], "B4": [[6, 28]], "B5": [[6, 25]], "B6": [[4, 86]], "B7": [[4, 14.121212121212121], [1, 40.878787878787875]], "B8": [[8, 44]], "B9": [[1, 50]], "C1": [], "C2": [], "C3": [[8, 15]], "C4": [], "C5": [], "C6": [], "D1": [[35, 15]], "D2": [[18, 10]], "D3": [[35, 14]], "D4": [[36, 6]], "D5": [[36, 10]], "D6": [], "D7": [], "D8": [], "E1": [[38, 0.6]], "E10": [[40, 0.6]], "E11": [[40, 0.6]], "E12": [[41, 0.6]], "E13": [[41, 0.6]], "E14": [[41, 0.6]], "E15": [[41, 0.6]], "E16": [[41, 0.6]], "E2": [[17, 0.6]], "E3": [[17, 0.6]], "E4": [[17, 0.6]], "E5": [[17, 0.6]], "E6": [[17, 0.6]], "E7": [[38, 0.6]], "E8": [[38, 0.6]], "E9": [[40, 0.6]], "F1": [[34, 0.3], [33, 0.3]], "F2": [[30, 0.6]], "F3": [[23, 0.3], [31, 0.3]], "F4": [[31, 0.36666666666666664], [20, 0.23333333333333334]]}