{"A1": {"11": 17.802963400542605, "3": 34.0656788664858, "10": 21.31943512039681, "6": 6.811922612574781}, "A2": {"13": 16.490749328530654, "10": 21.31943512039681, "6": 8.594907775536267, "5": 8.594907775536267}, "A3": {"6": 4.800618609462441, "3": 17.5, "7": 12.69938139053756}, "A4": {"12": 21.777725395035926, "3": 10.888862697517963, "6": 19.666705953723053, "4": 19.666705953723053}, "A5": {"9": 25.13410651656314, "2": 25.13410651656314, "6": 8.86589348343686, "5": 8.86589348343686}, "A6": {"6": 27.5, "4": 26.979100421197344, "1": 0.5208995788026575}, "B1": {"10": 11.070390410988672, "4": 24.3429822995301, "12": 11.314035400939797, "6": 13.27259188854143}, "B10": {"8": 12.5, "1": 12.5}, "B11": {"8": 30.0, "1": 30.0}, "B12": {"8": 22.5, "4": 22.5}, "B13": {"8": 17.5, "4": 17.5}, "B14": {"8": 10.0, "4": 10.0}, "B2": {"13": 7.983059297730593, "3": 11.063623493566627, "11": 13.59079480075912, "6": 8.221543301889847, "5": 5.140979106053813}, "B3": {"13": 15.966118595461186, "2": 20.0, "9": 4.033881404538814}, "B4": {"6": 14.0, "5": 14.0}, "B5": {"9": 12.5, "2": 12.5}, "B6": {"9": 23.282112979429364, "2": 14.347282079747279, "3": 27.567717790135795, "1": 1.085000130116931, "7": 19.71788702057064}, "B7": {"6": 27.5, "5": 2.558184199795584, "1": 24.941815800204417}, "B8": {"6": 22.0, "1": 22.0}, "B9": {"7": 23.725746802950816, "3": 10.815702430346787, "5": 12.910044372604029, "8": 1.274253197049184, "1": 1.274253197049184}, "C1": {"9": 7.5, "2": 7.5}, "C2": {"9": 6.5, "2": 6.5}, "C3": {"9": 7.5, "2": 7.5}, "C4": {"9": 3.0473588354802086, "2": 3.0473588354802086, "11": 11.905282329039583}, "C5": {"11": 3.3001922268824075, "6": 11.849903886558796, "4": 11.849903886558796}, "C6": {"6": 10.0, "4": 10.0}, "D1": {"35": 15}, "D2": {"35": 10}, "D3": {"35": 5.43977094952179, "36": 8.56022905047821}, "D4": {"36": 6}, "D5": {"36": 8.740689634089385, "37": 1.2593103659106148}, "D6": {"37": 11.41924865151511}, "D7": {"36": 22}, "D8": {"36": 1.3009186845675969, "35": 18.6990813154324}, "E1": {"38": 0.6}, "E10": {"40": 0.6}, "E11": {"40": 0.266355876937337, "39": 0.333644123062663}, "E12": {"39": 0.6}, "E13": {"39": 0.6}, "E14": {"39": 0.2997092078900796, "41": 0.3002907921099204}, "E15": {"41": 0.6}, "E16": {"41": 0.6}, "E2": {"29": 0.3, "17": 0.3}, "E3": {"38": 0.6}, "E4": {"38": 0.6}, "E5": {"38": 0.6}, "E6": {"38": 0.6}, "E7": {"38": 0.6}, "E8": {"40": 0.6}, "E9": {"40": 0.6}, "F1": {"32": 0.3062842196138915, "22": 0.11225978908576163, "19": 0.11225978908576163}, "F2": {"22": 0.2595561396124916, "19": 0.2595561396124916}, "F3": {"22": 0.3, "19": 0.3}, "F4": {"26": 0.3, "19": 0.12903098796272586, "18": 0.17096901203727413}}