{"A1": {"8": 40.0, "2": 40.0}, "A2": {"11": 18.12505338600733, "3": 18.6290824111653, "8": 15.416631075995113, "2": 2.829233126832259}, "A3": {"8": 7.195405529970493, "2": 3.2691426259445513, "10": 10.304594470029507, "4": 10.304594470029507, "1": 3.9262629040259416}, "A4": {"8": 36.0, "1": 36.0}, "A5": {"13": 15.999834187355116, "3": 33.99999999999999, "10": 18.00016581264488}, "A6": {"10": 2.609023127414133, "3": 35.69461916021238, "7": 8.348178856186742, "5": 8.348178856186742}, "B1": {"13": 8.637646555990639, "3": 8.637646555990639, "9": 21.116781610105626, "2": 21.116781610105626}, "B10": {"6": 12.5, "5": 12.5}, "B11": {"6": 14.220432223541083, "5": 15.106035059873962, "11": 4.369732667416176, "4": 14.89396494012604, "7": 11.409835109042742}, "B12": {"9": 15.796616332032825, "1": 22.5, "6": 6.703383667967175}, "B13": {"6": 17.5, "1": 17.5}, "B14": {"6": 10.0, "1": 10.0}, "B2": {"9": 11.787416060842041, "2": 6.467250782769241, "10": 22.425167878315918, "1": 5.3201652780728}, "B3": {"6": 20.0, "4": 20.0}, "B4": {"9": 14.0, "3": 14.0}, "B5": {"13": 17.275293111981277, "6": 3.8623534440093614, "4": 3.8623534440093614}, "B6": {"6": 43.0, "4": 43.0}, "B7": {"9": 0.6495308273363843, "3": 6.047237820539858, "12": 5.397706993203474, "8": 21.45276217946014, "4": 21.45276217946014}, "B8": {"8": 22.0, "4": 22.0}, "B9": {"6": 18.79421667186042, "4": 19.602293006796526, "12": 10.795413986406947, "11": 0.808076334936108}, "C1": {"12": 12.48135531689212, "3": 2.518644683107879}, "C2": {"12": 2.4627106337842424, "3": 2.4627106337842424, "11": 8.074578732431515}, "C3": {"11": 7.785541847869053, "6": 3.6072290760654737, "5": 3.6072290760654737}, "C4": {"6": 9.0, "5": 9.0}, "C5": {"9": 13.5, "2": 13.5}, "C6": {"9": 7.4722551001171365, "2": 7.4722551001171365, "11": 2.5277448998828635, "5": 2.5277448998828635}, "D1": {"35": 15}, "D2": {"35": 10}, "D3": {"35": 5.963192618831102, "36": 8.036807381168899}, "D4": {"36": 6}, "D5": {"36": 8.706705527804727, "37": 1.2932944721952726}, "D6": {"37": 11.954586195410009}, "D7": {"36": 22}, "D8": {"37": 13.247880667605282, "35": 6.752119332394718}, "E1": {"38": 0.6}, "E10": {"41": 0.6}, "E11": {"41": 0.6}, "E12": {"41": 0.6}, "E13": {"41": 0.6}, "E14": {"41": 0.6}, "E15": {"41": 0.6}, "E16": {"41": 0.6}, "E2": {"38": 0.6}, "E3": {"38": 0.6}, "E4": {"38": 0.6}, "E5": {"38": 0.6}, "E6": {"38": 0.2937733772858787, "40": 0.30622662271412127}, "E7": {"40": 0.6}, "E8": {"40": 0.6}, "E9": {"40": 0.5642109664392487}, "F1": {"32": 0.3699242811968346, "22": 0.11503785940158268, "19": 0.11503785940158268}, "F2": {"22": 0.3, "19": 0.11650155096043023, "18": 0.18349844903956974}, "F3": {"22": 0.3, "18": 0.3}, "F4": {"26": 0.3, "18": 0.3}}