{"A1": [[13, 15.292010490329277], [11, 12.736495954929122], [9, 44.66919272508145], [10, 7.3023008296601475]], "A2": [[2, 43.082944438488724], [3, 11.917055561511276]], "A3": [[10, 16.092919282675485], [12, 11.681725420347455], [3, 7.22535529697706]], "A4": [[3, 37.14735861830318], [7, 34.85264138169682]], "A5": [[5, 21.17472902742163], [7, 46.825270972578366]], "A6": [[7, 55]], "B1": [[13, 15.178340491232268], [11, 11.938276323922997], [10, 25.15118886108901], [9, 7.732194323755721]], "B10": [[2, 25]], "B11": [[8, 60]], "B12": [[8, 45]], "B13": [[8, 35]], "B14": [[2, 6.278497619341599], [3, 13.7215023806584]], "B2": [[2, 46]], "B3": [[2, 4.3082388708111266], [9, 35.691761129188876]], "B4": [[3, 28]], "B5": [[3, 25]], "B6": [[3, 6.033012842047745], [12, 15.050991804655963], [7, 14.523904981693343], [5, 24.431206704259534], [11, 11.938276323922997], [6, 14.022607343420423]], "B7": [[4, 55]], "B8": [[9, 11.249230514909867], [8, 32.75076948509013]], "B9": [[4, 42.61973956770932], [2, 7.380260432290683]], "C1": [[3, 15]], "C2": [[3, 13]], "C3": [[13, 15]], "C4": [[3, 18]], "C5": [[3, 13.709443625462574], [2, 13.290556374537426]], "C6": [[13, 2.1577553414734543], [11, 14.379246027573387], [10, 3.462998630953159]], "D1": [[37, 12.345881159842664], [35, 2.654118840157336]], "D2": [[35, 10]], "D3": [[35, 14]], "D4": [[35, 6]], "D5": [[36, 10]], "D6": [[36, 12]], "D7": [[36, 5.640568213441913], [37, 12.345881159842664], [36, 4.013550626715423]], "D8": [[36, 20]], "E1": [[38, 0.6]], "E10": [[40, 0.6]], "E11": [[40, 0.4089775445156218], [38, 0.19102245548437818]], "E12": [[17, 0.6]], "E13": [[17, 0.6]], "E14": [[38, 0.6]], "E15": [[38, 0.6]], "E16": [[38, 0.5259518063458655]], "E2": [[17, 0.6]], "E3": [[17, 0.6]], "E4": [[17, 0.6]], "E5": [[17, 0.6]], "E6": [[17, 0.6]], "E7": [[38, 0.6]], "E8": [[38, 0.6]], "E9": [[38, 0.11697426183024351], [40, 0.48302573816975647]], "F1": [[19, 0.6]], "F2": [[32, 0.6]], "F3": [[34, 0.5445637764354622]], "F4": [[32, 0.1065927631917199], [33, 0.4934072368082801]]}