{"A1": {"13": 17.991996321904907, "3": 34.40312935932114, "11": 11.193741281357722, "10": 16.41113303741623}, "A2": {"12": 10.633100942237743, "10": 9.771834667039492, "1": 9.771834667039492, "6": 12.411614861841635, "5": 12.411614861841635}, "A3": {"11": 5.596870640678861, "3": 17.5, "6": 11.903129359321138}, "A4": {"10": 3.1325362966627526, "3": 12.04394053892975, "13": 8.995998160952453, "2": 8.995998160952453, "6": 18.27459490170594, "11": 5.596870640678861, "5": 6.107882115520455, "4": 8.852179184597347}, "A5": {"8": 34.0, "2": 31.61040235462015, "5": 2.3895976453798546}, "A6": {"8": 10.215098688220571, "4": 27.5, "6": 17.28490131177943}, "B1": {"6": 18.23650677465878, "5": 9.461486299352487, "10": 23.526986450682447, "4": 8.77502047530629}, "B10": {"8": 12.5, "4": 12.5}, "B11": {"8": 30.0, "1": 30.0}, "B12": {"8": 22.5, "4": 22.5}, "B13": {"8": 17.5, "4": 17.5}, "B14": {"8": 10.0, "4": 10.0}, "B2": {"6": 23.0, "4": 23.0}, "B3": {"9": 20.0, "3": 20.0}, "B4": {"8": 14.0, "2": 14.0}, "B5": {"9": 12.152012794982664, "3": 12.152012794982664}, "B6": {"9": 21.852504008377245, "5": 21.852504008377245, "8": 15.095275310626096, "2": 13.675964076312836, "12": 12.104441361993317, "1": 1.4193112343132608}, "B7": {"6": 27.5, "1": 27.5}, "B8": {"6": 22.0, "1": 22.0}, "B9": {"8": 25.0, "1": 25.0}, "C1": {"9": 7.5, "2": 7.5}, "C2": {"9": 6.5, "2": 6.5}, "C3": {"9": 7.5, "2": 7.5}, "C4": {"9": 9.0, "2": 9.0}, "C5": {"13": 9.201346047593477, "3": 9.201346047593477, "12": 8.597307904813047}, "C6": {"12": 6.59912286692012, "4": 9.233177028495469, "6": 4.167700104584413}, "D1": {"36": 15}, "D2": {"36": 8.182731701477998, "35": 1.8172682985220021}, "D3": {"35": 14}, "D4": {"35": 6}, "D5": {"35": 10}, "D6": {"35": 3.3257044160957587, "37": 8.674295583904241}, "D7": {"37": 3.781125306081464, "36": 18.218874693918536}, "D8": {"20": 2.7486049458313633, "18": 2.7486049458313633}, "E1": {"29": 0.2795456487318152, "17": 0.2795456487318152}, "E10": {"40": 0.6}, "E11": {"40": 0.36142458861373217, "39": 0.2385754113862678}, "E12": {"39": 0.6}, "E13": {"39": 0.6}, "E14": {"39": 0.5046346980739598}, "E15": {"41": 0.6}, "E16": {"41": 0.6}, "E2": {"38": 0.6}, "E3": {"38": 0.6}, "E4": {"38": 0.6}, "E5": {"38": 0.6}, "E6": {"38": 0.6}, "E7": {"38": 0.6}, "E8": {"40": 0.6}, "E9": {"40": 0.6}, "F1": {"22": 0.2567250021870201, "19": 0.2567250021870201}, "F2": {"32": 0.30402641333822783, "22": 0.14798679333088607, "18": 0.14798679333088607}, "F3": {"34": 0.4886872080074573, "33": 0.11131279199254268}, "F4": {"33": 0.49854817731601675, "27": 0.10145182268398323}}