{"A1": {"13": 32.72727272727273, "2": 31.818181818181824, "9": 15.454545454545459}, "A2": {"9": 27.5, "2": 11.88181818181818, "3": 15.61818181818182}, "A3": {"9": 4.664502164502159, "3": 4.664502164502159, "10": 12.83549783549784, "2": 12.83549783549784}, "A4": {"10": 9.014502164502161, "2": 9.014502164502161, "9": 23.80952380952381, "4": 23.80952380952381, "11": 6.351948051948057}, "A5": {"11": 7.28441558441558, "10": 1.959523809523808, "3": 30.357792207792208, "7": 28.3982683982684}, "A6": {"7": 15.602409638554217, "3": 9.609523809523807, "10": 11.897590361445783, "5": 17.890476190476193}, "B1": {"13": 17.142857142857142, "9": 21.42857142857143, "3": 21.42857142857143}, "B10": {"6": 12.5, "4": 12.5}, "B11": {"6": 26.13296984309642, "4": 26.13296984309642, "7": 7.734060313807163}, "B12": {"11": 7.142857142857143, "1": 22.5, "6": 15.357142857142858}, "B13": {"7": 12.35550524659934, "1": 17.358808960429364, "6": 5.003303713830026}, "B14": {"6": 10.0, "1": 10.0}, "B2": {"9": 3.571428571428572, "3": 15.857142857142858, "11": 14.285714285714286, "6": 12.285714285714285}, "B3": {"8": 20.0, "2": 20.0}, "B4": {"8": 3.0, "2": 3.0, "6": 11.0, "3": 11.0}, "B5": {"6": 6.18796992481203, "3": 6.18796992481203, "12": 12.31578947368421}, "B6": {"10": 12.507530120481928, "5": 31.20367691380349, "7": 17.992469879518076, "6": 12.5, "4": 11.796323086196509}, "B7": {"7": 27.5, "4": 27.5}, "B8": {"7": 22.0, "4": 22.0}, "B9": {"7": 13.572363782490356, "4": 25.0, "6": 11.427636217509644}, "C1": {"12": 13.0, "7": 1.0, "1": 1.0}, "C2": {"11": 13}, "C3": {"11": 2.0, "7": 13.0}, "C4": {"7": 9.0, "1": 9.0}, "C5": {"7": 13.5, "1": 13.5}, "C6": {"7": 3.037923875102337, "1": 10.0, "6": 6.9620761248976635}, "D1": {"35": 15}, "D2": {"35": 10}, "D3": {"35": 5.0, "36": 9.0}, "D4": {"36": 6}, "D5": {"36": 10}, "D6": {"37": 12}, "D7": {"36": 22}, "D8": {"36": 3.0, "37": 12.0, "35": 5.0}, "E1": {"38": 0.6}, "E10": {"41": 0.6}, "E11": {"41": 0.6}, "E12": {"41": 0.6}, "E13": {"41": 0.6}, "E14": {"41": 0.6}, "E15": {"41": 0.6}, "E16": {"41": 0.6}, "E2": {"38": 0.6}, "E3": {"38": 0.6}, "E4": {"40": 0.6}, "E5": {"40": 0.6}, "E6": {"40": 0.6}, "E7": {"38": 0.6}, "E8": {"38": 0.6}, "E9": {"38": 0.6}, "F1": {"32": 0.32727272727272727, "22": 0.13636363636363635, "19": 0.13636363636363635}, "F2": {"22": 0.3, "19": 0.3}, "F3": {"26": 0.3, "19": 0.3}, "F4": {"26": 0.1939024390243903, "19": 0.3, "25": 0.10609756097560968}}